<?xml version="1.0" encoding="UTF-8" standalone="yes"?><?xml-stylesheet type="text/xsl" href="https://cdx.epa.gov/WQXWeb/download/common/ProcessingReportStylesheet.xsl"?><ProcessingReport><TransactionIdentifier>_835eb66f-00f3-4673-943c-1f5efff0a2c5</TransactionIdentifier><Status>Completed</Status><OrganizationIdentifier>CT_DEP01_WQX</OrganizationIdentifier><UserNaasIdentifier>mary.becker@ct.gov</UserNaasIdentifier><SubmissionDate>03/19/2022 09:17:26AM</SubmissionDate><ProcessingSoftware Version="3.00.00.08">WQX Node</ProcessingSoftware><ProcessingSoftware Version="3.03">WQX Database</ProcessingSoftware><Counts><Error>0</Error><Warning>0</Warning><MonitoringLocation Action="Update">6438</MonitoringLocation></Counts><Log><LogDetail><Type>Message</Type><Text>Parse and Load Initialized and Waiting at 03/19/2022 09:17:26 AM</Text><Context></Context></LogDetail><LogDetail><Type>Message</Type><Text>Parse and Load started at 03/19/2022 09:17:26 AM</Text><Context></Context></LogDetail><LogDetail><Type>Message</Type><Text>Parse and Load completed at 03/19/2022 09:18:46 AM</Text><Context></Context></LogDetail></Log><ProcessingFailures></ProcessingFailures></ProcessingReport>