<?xml version="1.0" encoding="UTF-8" standalone="yes"?><?xml-stylesheet type="text/xsl" href="https://cdx.epa.gov/WQXWeb/download/common/ProcessingReportStylesheet.xsl"?><ProcessingReport><TransactionIdentifier>_c1260f0c-001c-4e68-a3e2-085bbf0d5ab5</TransactionIdentifier><Status>Completed</Status><OrganizationIdentifier>CT_DEP01_WQX</OrganizationIdentifier><UserNaasIdentifier>mary.becker@ct.gov</UserNaasIdentifier><SubmissionDate>03/20/2022 01:39:26PM</SubmissionDate><ProcessingSoftware Version="3.00.00.08">WQX Node</ProcessingSoftware><ProcessingSoftware Version="3.03">WQX Database</ProcessingSoftware><Counts><Error>0</Error><Warning>0</Warning><Activity Action="Insert">3647</Activity><Result Action="Insert">37190</Result></Counts><Log><LogDetail><Type>Message</Type><Text>Parse and Load Initialized and Waiting at 03/20/2022 01:39:26 PM</Text><Context></Context></LogDetail><LogDetail><Type>Message</Type><Text>Parse and Load started at 03/20/2022 01:39:26 PM</Text><Context></Context></LogDetail><LogDetail><Type>Message</Type><Text>Parse and Load completed at 03/20/2022 01:41:44 PM</Text><Context></Context></LogDetail></Log><ProcessingFailures></ProcessingFailures></ProcessingReport>