<?xml version="1.0" encoding="UTF-8" standalone="yes"?><?xml-stylesheet type="text/xsl" href="https://cdx.epa.gov/WQXWeb/download/common/ProcessingReportStylesheet.xsl"?><ProcessingReport><TransactionIdentifier>_13d747c0-712f-4d62-acd5-d6dbf58827e8</TransactionIdentifier><Status>Completed</Status><OrganizationIdentifier>CT_DEP01_WQX</OrganizationIdentifier><UserNaasIdentifier>mary.becker@ct.gov</UserNaasIdentifier><SubmissionDate>12/28/2022 03:16:44PM</SubmissionDate><ProcessingSoftware Version="3.00.00.10">WQX Node</ProcessingSoftware><ProcessingSoftware Version="3.03">WQX Database</ProcessingSoftware><Counts><Error>0</Error><Warning>0</Warning><MonitoringLocation Action="Insert">101</MonitoringLocation><MonitoringLocation Action="Update">6438</MonitoringLocation></Counts><Log><LogDetail><Type>Message</Type><Text>Parse and Load Initialized and Waiting at 12/28/2022 03:16:44 PM</Text><Context></Context></LogDetail><LogDetail><Type>Message</Type><Text>Parse and Load started at 12/28/2022 03:16:44 PM</Text><Context></Context></LogDetail><LogDetail><Type>Message</Type><Text>Parse and Load completed at 12/28/2022 03:21:46 PM</Text><Context></Context></LogDetail></Log><ProcessingFailures></ProcessingFailures></ProcessingReport>