<?xml version="1.0" encoding="UTF-8" standalone="yes"?><?xml-stylesheet type="text/xsl" href="https://cdx.epa.gov/WQXWeb/download/common/ProcessingReportStylesheet.xsl"?><ProcessingReport><TransactionIdentifier>_5e87a808-6a3e-459c-afa1-d13c04f40a5f</TransactionIdentifier><Status>Completed</Status><OrganizationIdentifier>CT_DEP01_WQX</OrganizationIdentifier><UserNaasIdentifier>mary.becker@ct.gov</UserNaasIdentifier><SubmissionDate>12/28/2022 05:18:36PM</SubmissionDate><ProcessingSoftware Version="3.00.00.10">WQX Node</ProcessingSoftware><ProcessingSoftware Version="3.03">WQX Database</ProcessingSoftware><Counts><Error>0</Error><Warning>0</Warning><Activity Action="Insert">464</Activity><Activity Action="Update">462</Activity><Result Action="Delete">5775</Result><Result Action="Insert">7765</Result></Counts><Log><LogDetail><Type>Message</Type><Text>Parse and Load Initialized and Waiting at 12/28/2022 05:18:36 PM</Text><Context></Context></LogDetail><LogDetail><Type>Message</Type><Text>Parse and Load started at 12/28/2022 05:18:36 PM</Text><Context></Context></LogDetail><LogDetail><Type>Message</Type><Text>Parse and Load completed at 12/28/2022 05:29:01 PM</Text><Context></Context></LogDetail></Log><ProcessingFailures></ProcessingFailures></ProcessingReport>