<?xml version="1.0" encoding="UTF-8" standalone="yes"?><?xml-stylesheet type="text/xsl" href="https://cdx.epa.gov/WQXWeb/download/common/ProcessingReportStylesheet.xsl"?><ProcessingReport><TransactionIdentifier>_97a32e1a-916e-48ce-b6a1-d67d3aa93d6c</TransactionIdentifier><Status>Completed</Status><OrganizationIdentifier>CT_DEP01_WQX</OrganizationIdentifier><UserNaasIdentifier>mary.becker@ct.gov</UserNaasIdentifier><SubmissionDate>03/21/2022 04:27:25PM</SubmissionDate><ProcessingSoftware Version="3.00.00.08">WQX Node</ProcessingSoftware><ProcessingSoftware Version="3.03">WQX Database</ProcessingSoftware><Counts><Error>0</Error><Warning>4</Warning><Activity Action="Insert">317</Activity><Result Action="Insert">9635</Result></Counts><Log><LogDetail><Type>Message</Type><Text>Parse and Load Initialized and Waiting at 03/21/2022 04:27:25 PM</Text><Context></Context></LogDetail><LogDetail><Type>Message</Type><Text>Parse and Load started at 03/21/2022 04:27:25 PM</Text><Context></Context></LogDetail><LogDetail><Type>Warning</Type><Text>Osteichthyes***retired***use Gnathostomata</Text><Context>Result (Line 163000), Activity Identifier = 19106-SR-20180614-114000-fishABM-P1Z1</Context></LogDetail><LogDetail><Type>Warning</Type><Text>Osteichthyes***retired***use Gnathostomata</Text><Context>Result (Line 180100), Activity Identifier = 19747-SR-20180817-123000-fishABM-P1Z1</Context></LogDetail><LogDetail><Type>Warning</Type><Text>Osteichthyes***retired***use Gnathostomata</Text><Context>Result (Line 193927), Activity Identifier = 20093-SR-20180817-125500-fishABM-P1Z1</Context></LogDetail><LogDetail><Type>Warning</Type><Text>Osteichthyes***retired***use Gnathostomata</Text><Context>Result (Line 195259), Activity Identifier = 20122-SR-20190703-110300-fishABM-P1Z1</Context></LogDetail><LogDetail><Type>Message</Type><Text>Parse and Load completed at 03/21/2022 04:28:13 PM</Text><Context></Context></LogDetail></Log><ProcessingFailures></ProcessingFailures></ProcessingReport>