<?xml version="1.0" encoding="UTF-8" standalone="yes"?><?xml-stylesheet type="text/xsl" href="https://cdx.epa.gov/WQXWeb/download/common/ProcessingReportStylesheet.xsl"?><ProcessingReport><TransactionIdentifier>_8324312f-b3c1-476b-9a67-e4a2bb35d6ae</TransactionIdentifier><Status>Completed</Status><OrganizationIdentifier>CT_DEP01_WQX</OrganizationIdentifier><UserNaasIdentifier>mary.becker@ct.gov</UserNaasIdentifier><SubmissionDate>12/30/2022 08:45:36AM</SubmissionDate><ProcessingSoftware Version="3.00.00.10">WQX Node</ProcessingSoftware><ProcessingSoftware Version="3.03">WQX Database</ProcessingSoftware><Counts><Error>0</Error><Warning>2</Warning><Activity Action="Insert">26</Activity><Result Action="Insert">571</Result></Counts><Log><LogDetail><Type>Message</Type><Text>Parse and Load Initialized and Waiting at 12/30/2022 08:45:36 AM</Text><Context></Context></LogDetail><LogDetail><Type>Message</Type><Text>Parse and Load started at 12/30/2022 08:45:36 AM</Text><Context></Context></LogDetail><LogDetail><Type>Warning</Type><Text>Osteichthyes***retired***use Gnathostomata</Text><Context>Result (Line 7508), Activity Identifier = 20633-SR-20220902-104500-fishABM-P1Z1</Context></LogDetail><LogDetail><Type>Warning</Type><Text>Osteichthyes***retired***use Gnathostomata</Text><Context>Result (Line 12602), Activity Identifier = 20638-SR-20220805-112200-fishABM-P1Z1</Context></LogDetail><LogDetail><Type>Message</Type><Text>Parse and Load completed at 12/30/2022 08:46:17 AM</Text><Context></Context></LogDetail></Log><ProcessingFailures></ProcessingFailures></ProcessingReport>