<?xml version="1.0" encoding="UTF-8" standalone="yes"?><?xml-stylesheet type="text/xsl" href="https://cdx.epa.gov/WQXWeb/download/common/ProcessingReportStylesheet.xsl"?><ProcessingReport><TransactionIdentifier>_f4dec43d-b6e1-4f58-8fe8-b722647ec8ae</TransactionIdentifier><Status>Completed</Status><OrganizationIdentifier>CT_DEP01_WQX</OrganizationIdentifier><UserNaasIdentifier>mary.becker@ct.gov</UserNaasIdentifier><SubmissionDate>12/29/2022 07:10:43PM</SubmissionDate><ProcessingSoftware Version="3.00.00.10">WQX Node</ProcessingSoftware><ProcessingSoftware Version="3.03">WQX Database</ProcessingSoftware><Counts><Error>0</Error><Warning>0</Warning><Activity Action="Insert">2514</Activity><Result Action="Insert">7091</Result></Counts><Log><LogDetail><Type>Message</Type><Text>Parse and Load Initialized and Waiting at 12/29/2022 07:10:43 PM</Text><Context></Context></LogDetail><LogDetail><Type>Message</Type><Text>Parse and Load started at 12/29/2022 07:10:43 PM</Text><Context></Context></LogDetail><LogDetail><Type>Message</Type><Text>Parse and Load completed at 12/29/2022 07:37:32 PM</Text><Context></Context></LogDetail></Log><ProcessingFailures></ProcessingFailures></ProcessingReport>